id,user,content,platform,timestamp,risk_score,type,url,query_source
1mghr1q,regretNdpain,"I have a friends group of 4 members. One of our friends is a little excitable, and a little too desperate, sexually speaking. Poor guy has never had a girlfriend, and generally gets poor responses from women. Because of this he's become somewhat a creep. I mean, we all check out chicks but he someti",Reddit,2025-12-29T19:44:36.214127,55,Suspect,https://www.reddit.com/r/AmItheKameena/comments/1mghr1q/aitk_for_calling_my_friend_a_rapist/,maal for sale
1opy7kw,Realistic-Help-4781,"179+179+179+179+179+299+299+1199=2692

Shipping charges 130 via tirupati 

80 via india post ",Reddit,2025-12-29T19:44:36.214179,51,Suspect,https://www.reddit.com/r/Hotwheelsindia/comments/1opy7kw/mainlines_silver_series_colour_revealer_set_for/,maal for sale
1c3zmi6,mosquito_killer69,"So, my friend (keshav Sharma) started learning coding on 9th from YouTube. Turned into freelancing and made some money (12 lakh to be precise). He got most of the clients directly after a while so he made 2 lakh 88 thousand from the platform and rest from direct clients. Lekin jee ki choot m loda 11",Reddit,2025-12-29T19:44:36.214190,50,Suspect,https://www.reddit.com/r/JEENEETards/comments/1c3zmi6/my_friends_talent_has_earned_15_lakh_till_now/,maal for sale
1nx50p1,Tetra12866,"Y’all we're onto something with the Fortaleza, definitely my fav by far. I tried another store this week and was surprised by their stock. I picked up Siete Leguas and Arette and will be trying them before I go to a rave tonight. Looking through the photos that I took of the shelves, what would you ",Reddit,2025-12-29T19:44:36.214198,61,Suspect,https://www.reddit.com/r/tequila/comments/1nx50p1/update_3/,maal for sale
16exdg3,sebyyyhd,"&amp;#x200B;

[I joined GTA Online in my submarine, went to my planning screen in order to do some cayo and suddenly I see this.](https://preview.redd.it/76rney9csenb1.png?width=1920&amp;format=png&amp;auto=webp&amp;s=5d665afdc7244f669eca58f74ac7c2476799517b)",Reddit,2025-12-29T19:44:42.213974,51,Suspect,https://www.reddit.com/r/gtaonline/comments/16exdg3/who_in_the_flying_fck_supplied_my_submarine_with/,w33d
1pq6fxo,Exciting_Cellist7386,Has anyone tried?,Reddit,2025-12-29T19:44:53.141881,76,Suspect,https://www.reddit.com/r/migraine/comments/1pq6fxo/procaine_ivs_for_chronic_migraine/,procaine
